trans_x	trans_y	trans_z	rot_x	rot_y	rot_z	dvars_std	dvars_nstd	dvars_vstd	framewise_displacement	aqi	aor
0.0	-0.0	0.0	-0.0	0.0	-0.0	n/a	n/a	n/a	n/a	0.0150846	0.01217
0.013	0.3274	0.0143	0.0004328416544945937	0.0006161012259539982	0.00029845130209103034	2.16824675	88.60089111	1.73901652	0.4220697091269811	0.0152363	0.01567
0.031	0.0966	0.0196	-0.0010245082709206715	0.0013177235852557187	0.0006422811647339132	1.75388205	71.66873932	1.47049406	0.37924010736799346	0.00990832	0.00142
0.0359	-0.035	-0.0163	-0.0010559241974565693	0.0012025318546240932	0.0005340707511102648	1.2578789	51.40060425	1.14518389	0.18514090353955856	0.011857	0.00223
0.0331	-0.0198	-0.0128	-0.0007627088831215222	0.0010663961729685354	0.0004188790204786391	0.94834715	38.7522316	0.95081381	0.04872713633111154	0.0111994	0.00148
0.0257	-0.0359	0.0318	-0.0003159045946109737	0.0008115781021773631	0.00020769418098732522	1.03085077	42.12356949	1.00355854	0.11374035993965172	0.0134086	0.00328
0.0238	-0.0503	0.0137	-0.0005916666164260777	0.0008569566627292158	0.0001675516081914556	0.9744001	39.8168335	0.97060206	0.05246415775814132	0.0133893	0.00429
0.0224	0.0128	-0.011	-0.00045553093477052	0.0008936085770210966	3.141592653589793e-05	1.0656867	43.54706955	1.01552774	0.10464616388014981	0.0106345	0.00185
0.019	0.0605	-0.0122	-0.00034906585039886593	0.0007644542123735164	-1.5707963267948964e-05	0.98537028	40.2651062	0.9607573	0.06643716694115408	0.00968802	0.00134
0.0205	0.1048	-0.0196	-0.00013439035240356338	0.0007661995416255106	6.283185307179586e-05	1.01113534	41.31794357	0.96335461	0.0679480321793521	0.00872356	0.00105
0.0206	0.1659	-0.0314	-8.028514559173915e-05	0.0005864306286700947	-2.4434609527920616e-05	1.06103933	43.35716629	1.00118585	0.08905702911834781	0.00853306	0.00088
0.016	0.197	-0.0203	-0.00018500490071139895	0.000614355896702004	3.490658503988659e-05	1.032377	42.18593597	0.98854685	0.056399310885968834	0.00851655	0.00102
0.0164	0.1394	-0.0348	-0.0003612831551628262	0.0006510078109938849	5.235987755982988e-06	1.05275416	43.01860809	1.00395104	0.08463003830136061	0.00813282	0.00057
0.0162	0.167	-0.0315	-0.0005637413483941684	0.0006597344572538566	-5.4105206811824215e-05	0.97951037	40.02565384	0.9630931	0.044626301702956075	0.00796908	0.00062
0.0198	0.0939	-0.0072	-0.0005480333851262194	0.0006946410422937432	9.075712110370512e-05	1.03874099	42.4459877	0.99172641	0.11077384381116825	0.00865722	0.00052
0.0381	0.0407	-0.0385	-8.552113334772214e-05	0.0008028514559173916	0.0004537856055185257	1.01306605	41.39683533	0.98212387	0.14948755749084833	0.00799024	0.00021
0.0467	0.0364	-0.0426	-8.028514559173915e-05	0.0009250245035569946	0.0007295476273336296	0.95530486	39.0365448	0.94564177	0.03715855286053449	0.00755322	0.00015
0.0492	0.0264	-0.0358	6.45771823237902e-05	0.0010192722831646884	0.0008150687606813518	0.9154706	37.40880203	0.93426895	0.03553156204354727	0.00771779	0.00019
0.0426	0.0156	-0.0205	0.00019896753472735358	0.000895353906273091	0.0006318091892219474	0.98635304	40.30526352	0.96584613	0.054778415037728255	0.00886339	0.00029
0.0497	0.0212	-0.0367	0.00011170107212763708	0.000973893722612836	0.0007487462491055673	0.97515172	39.84754562	0.95848031	0.04303716694115409	0.00813699	0.00016
0.0534	0.1042	-0.0284	0.00024609142453120044	0.0010384709049366262	0.0008587019919812101	1.08383918	44.28883362	1.01584746	0.1104461638801498	0.00692439	0.0001
0.0569	0.0796	-0.029	0.00028274333882308137	0.001054178868204575	0.0009791297103688187	1.00514734	41.07325363	0.96854441	0.03733937979737192	0.00679564	0.00014
0.0638	0.0846	-0.0388	0.0002513274122871834	0.0010786134777324957	0.0012217304763960308	0.98794448	40.37029648	0.95709198	0.03662256510455152	0.00606203	0.0001
0.0642	0.1317	-0.0394	0.00016406094968746698	0.0009965830028887623	0.0011938052083641214	0.99648452	40.71926498	0.96473878	0.05796111027376798	0.0056687	8e-05
0.0719	0.1144	-0.0282	0.0004433136300065597	0.0011693705988362008	0.0014137166941154068	0.98532987	40.26345444	0.96463715	0.06979758810089086	0.00591284	9e-05
0.0777	0.0667	-0.0443	0.0003525565089028545	0.0012339477811599909	0.001579522973054868	0.99534202	40.67258072	0.96811923	0.08565702911834784	0.00613898	0.0001
0.0804	0.0556	-0.0324	-0.00020943951023931956	0.0013124875974997359	0.001673770752662562	0.98529786	40.262146	0.96869773	0.06243918075448065	0.00663453	0.00011
0.0769	0.087	-0.0246	0.00010995574287564276	0.0012845623294678264	0.001574286985298885	0.97703987	39.92470169	0.96298499	0.06504021442552743	0.00638801	0.00012
0.073	0.0178	-0.0321	0.00014137166941154068	0.001117010721276371	0.001452113937659282	1.01699626	41.5574379	0.97847842	0.09665702911834782	0.00747085	0.00013
0.0703	0.0097	-0.0356	0.0002478367537831948	0.0010088003076527223	0.0013456488532876281	0.96128303	39.28083038	0.9448692	0.030357029118347825	0.00785995	0.00017
0.0704	0.0617	-0.0392	0.00042935099599060504	0.0009250245035569946	0.0012007865253720988	1.01680839	41.54975891	0.97778973	0.07620761871093337	0.00689483	0.00012
0.0702	0.0866	-0.0263	0.00045902159327450867	0.0010960667702524388	0.0012932889757277981	0.97830099	39.97623444	0.96130393	0.05266076571675237	0.00665653	0.00011
0.0721	0.044	-0.052	0.0007033676885537148	0.0011641346110802177	0.0013491395117916165	1.04023576	42.50706863	0.99351211	0.08861322360854018	0.00719005	0.00029
0.0785	0.1009	-0.055	0.0010332349171806431	0.0012339477811599909	0.001574286985298885	1.08636212	44.39192581	1.01286623	0.09754139361069848	0.00654	0.0001
0.0779	0.0815	-0.052	0.0006579891280018621	0.0009354964790689606	0.001572541656046891	1.06945527	43.70106506	1.0231846	0.05677212102609026	0.00651664	0.00023
0.0805	0.105	-0.0461	0.0005637413483941684	0.00102799892942466	0.0015690509975429022	1.03179443	42.16213226	1.0067129	0.0415120444233691	0.00583744	3e-05
0.0807	0.0451	-0.062	0.0005602506898901797	0.0011379546723003027	0.0015550883635269475	1.01764894	41.58410645	0.97708177	0.08237045176977928	0.00659233	0.0001
0.0815	0.0803	-0.0675	0.0004974188368183839	0.0011990411961201044	0.001567305668290908	0.98189074	40.12292099	0.95987579	0.048306784082777915	0.00580865	0.00015
0.0843	0.0748	-0.0639	0.0006003932626860494	0.0013631021458075715	0.0014451326206513049	0.95846373	39.16562653	0.94634016	0.03136042115973678	0.00586873	0.00012
0.086	0.0329	-0.0773	0.0007731808586334879	0.0013857914260834976	0.0015376350710070042	0.96244395	39.32826996	0.95592008	0.07139896632895319	0.00693721	0.00013
0.0932	0.0864	-0.0791	0.0008342673824532895	0.001452113937659282	0.0017243853009703976	1.01244521	41.37146759	0.97147855	0.07820796326794897	0.00596559	7e-05
0.0925	0.071	-0.0683	0.0008883725892651138	0.0013439035240356337	0.0017976891295541592	0.99357754	40.60047913	0.95687344	0.03868097245096173	0.00610709	3e-05
0.0923	0.0633	-0.0712	0.0007714355293814937	0.0012583823906879114	0.0017959438003021652	0.96568251	39.46060562	0.9431275	0.021010176124166825	0.00627422	0.00013
0.0851	0.1174	-0.0647	0.0008883725892651138	0.0010663961729685354	0.001574286985298885	1.03445506	42.27085114	0.98309674	0.09432900463031382	0.00588542	9e-05
0.0837	0.0931	-0.0695	0.0004433136300065597	0.0010070549784007281	0.001499237827463129	0.98831528	40.38544846	0.9675716	0.05947246558310588	0.00555098	6e-05
0.0831	0.0792	-0.0637	0.0006841690667817771	0.0009930923443847736	0.0015166911199830724	1.03252792	42.19210434	0.99061176	0.03391356816555576	0.00586748	9e-05
0.0853	0.0924	-0.0656	0.0005724679946541401	0.0009634217471008699	0.0015446163880149814	0.96085471	39.26332855	0.94105611	0.025764846872172488	0.00515246	3e-05
0.0901	0.069	-0.0934	0.0008447393579652555	0.0010035643198967395	0.0015481070465189703	1.00094151	40.90139389	0.97500922	0.07179522973054867	0.00538206	6e-05
0.0958	0.0801	-0.0807	0.0006963863715457374	0.0012147491593880533	0.0018483036778619948	0.99727118	40.75141144	0.96741596	0.062486722862692815	0.00511861	6e-05
0.0972	0.0384	-0.0823	0.0004014257279586958	0.001239183768915974	0.0019111355309337906	1.01852655	41.61996841	0.97686411	0.06381135530933792	0.00571233	7e-05
0.0984	0.0798	-0.0955	0.00035081117965086024	0.001186823891356144	0.001963495408493621	1.03376973	42.24284744	0.97962777	0.06356671517137479	0.00491917	6e-05
0.0995	0.1064	-0.0802	0.0004537856055185257	0.0012601277199399059	0.0020804324683772408	0.97473198	39.83039474	0.94982157	0.05766076571675236	0.00450987	5e-05
0.0991	0.0728	-0.0955	0.000614355896702004	0.0012636183784438947	0.002176425577236929	1.00113404	40.9092598	0.95712195	0.062302702927357775	0.00523335	9e-05
0.1006	0.1444	-0.0933	0.00047822021504644627	0.0013037609512397642	0.002239257430308725	1.08361137	44.27952576	1.0102905	0.08725550537616118	0.00473946	7e-05
0.1004	0.1305	-0.0744	0.00027925268031909274	0.0012339477811599909	0.0022689280275926286	1.02081096	41.71331787	0.97442585	0.04792256510455152	0.00461525	6e-05
0.0992	0.1009	-0.0802	0.00017802358370342162	0.0011903145498601325	0.0022968532956245376	0.99140429	40.51167297	0.95838578	0.04523937979737193	0.00461954	3e-05
0.0998	0.1464	-0.0809	0.00017453292519943296	0.001223475805648025	0.0023125612588924867	0.98167098	40.11394119	0.95901139	0.04941799387799152	0.00446916	6e-05
0.1038	0.1032	-0.0703	0.0002024581932313422	0.001424188669627373	0.0025028021473598684	1.01254404	41.37550354	0.97459917	0.07874395102393193	0.0048427	0.0001
0.1056	0.0883	-0.0717	-8.726646259971648e-06	0.0014922565104551516	0.0025289820861397836	0.96553928	39.45475388	0.94772161	0.03337163095495038	0.00497597	6e-05
0.1101	0.1087	-0.0772	4.886921905584123e-05	0.0016824973989225337	0.0026110125609835172	0.98716933	40.33861923	0.9580625	0.04689336143134644	0.00473118	0.0001
0.109	0.1065	-0.07	-0.00028099800957108706	0.00152367243699105	0.0026162485487395003	0.99803895	40.78278351	0.96584262	0.03519640891571977	0.00446784	9e-05
0.109	0.0483	-0.0823	-0.0004310963252425994	0.0015777776438028737	0.0025446900494077327	1.02396393	41.84215546	0.97842078	0.08428810109075517	0.00536901	6e-05
0.1098	0.1009	-0.0875	-0.0002373647782712288	0.0015847589608108511	0.002478367537831948	0.98941267	40.43029022	0.96343812	0.07195176877775664	0.00452453	0.00012
0.1103	0.0999	-0.0795	7.67944870877505e-05	0.0015917402778188286	0.002494075501099897	0.96166688	39.29651642	0.94821146	0.02634242728174529	0.00485492	0.00011
0.1149	0.087	-0.0956	0.0005654866776461627	0.001635373509118687	0.002583087292951608	0.98193574	40.12475967	0.95728138	0.0646668606854991	0.00511962	5e-05
0.1175	0.0977	-0.103	0.0006667157742618339	0.0017034413499464657	0.0027331856086231197	1.00793827	41.18729782	0.96434689	0.03666976265574808	0.00519133	7e-05
0.1157	0.1173	-0.0909	0.0007347836150896127	0.0014887658519511632	0.0027611108766550296	0.93670446	38.27647781	0.93820832	0.04903343034274956	0.00499618	7e-05
0.1154	0.1212	-0.0917	0.0007696902001294993	0.0015969762655748114	0.0027401669256310974	0.94630456	38.66876602	0.94150021	0.013203047484373351	0.00502038	7e-05
0.1132	0.0963	-0.0975	0.0007853981633974483	0.0015166911199830724	0.002663372438543347	0.97349519	39.77985382	0.95174467	0.041539379797371934	0.00524402	6e-05
0.1126	0.1441	-0.0958	0.0007766715171374765	0.001514945790731078	0.0026302111827554544	1.02329445	41.81479645	0.98057556	0.05228166156499293	0.00522339	0.0001
0.1097	0.0839	-0.0854	0.0008883725892651138	0.0014311699866353504	0.002579596634447619	1.03819966	42.42386627	0.98216113	0.08580457122656002	0.00543642	5e-05
0.1115	0.0623	-0.0934	0.0009354964790689606	0.001562069680534925	0.0026441738167714093	0.94632441	38.66957855	0.9428571	0.043530038301360575	0.00576782	6e-05
0.1131	0.1108	-0.08	0.0009197885158010115	0.0015969762655748114	0.0026930430358272505	0.97744626	39.94130707	0.95940287	0.06847418836818384	0.00535065	7e-05
0.1068	0.0531	-0.07	0.0012199851471440364	0.0014014993893514465	0.002535963403147761	1.03746021	42.39365387	0.99528102	0.10663765701229395	0.00646579	0.00011
0.1047	0.0469	-0.0862	0.0012636183784438947	0.0013980087308474581	0.0024678955623199817	0.99078488	40.48636246	0.96634589	0.03025958653158129	0.00662786	0.00011
0.1043	0.0905	-0.0673	0.001403244718603441	0.0013753194505715315	0.00249931148885588	1.01592827	41.51379395	0.97401887	0.07258657734856855	0.00636017	0.0001
0.0983	0.057	-0.0672	0.001382300767579509	0.0012095131716320703	0.00222529479629277	1.04717469	42.79061508	0.98436278	0.06263834612632516	0.00680208	0.00012
0.0887	0.1136	-0.0619	0.0008203047484373349	0.001048942880448592	0.0018901915799098587	1.10841036	45.29288483	1.03662239	0.1243834763354282	0.00547242	5e-05
0.0855	0.0995	-0.0686	0.0005323254218582705	0.0010053096491487337	0.001656317460142619	1.01054263	41.29372025	0.98260539	0.05227433388230812	0.00488609	0.0001
0.079	0.0658	-0.0705	0.000582939970166106	0.0007766715171374765	0.00152367243699105	0.99609047	40.70316315	0.97749876	0.0626948851735331	0.00549233	9e-05
0.0792	0.0604	-0.0852	0.0003385938748868999	0.0008604473212332044	0.0015166911199830724	0.99182028	40.52867126	0.96806126	0.03705516081914557	0.00544584	9e-05
0.0772	0.092	-0.0855	0.00041713369122664475	0.0010035643198967395	0.001410226035611418	0.99865294	40.80787277	0.96508175	0.05030609496874672	0.0050298	7e-05
0.0619	0.0594	-0.0601	0.0003647738136668148	0.0007068583470577034	0.0009302604913129776	1.10822308	45.28522873	1.03435917	0.11475156973486532	0.00630975	0.00013
0.0599	0.059	-0.08	0.0004415683007545654	0.000614355896702004	0.0006911503837897545	1.05165029	42.9734993	1.0075021	0.042720352248333655	0.00604039	0.0001
0.0822	0.0849	-0.1158	0.0006649704450098395	0.000752236907609556	0.0014433872913993105	1.02895856	42.04624939	0.98891263	0.1396760031386191	0.00523555	7e-05
0.0796	0.1081	-0.1222	0.0007382742735936014	0.0008272860654453122	0.0013648474750595659	0.95558107	39.04783249	0.95003882	0.043544640137963136	0.00481659	7e-05
0.0765	0.0701	-0.1276	0.0009913470151327792	0.000890117918517108	0.001298524963483781	0.96148628	39.28913498	0.95877532	0.06561135530933793	0.00545174	0.0001
0.0791	0.1523	-0.1316	0.0011746065865921838	0.0012060225131280816	0.0014172073526193955	1.05978906	43.30607605	1.00842557	0.11969232776029964	0.00534189	0.0001
0.0801	0.1089	-0.1283	0.0016057029118347831	0.0012618730491919003	0.0013927727430914749	1.02195573	41.76009369	0.98378913	0.07326907354171691	0.00587541	0.0001
0.0858	0.0899	-0.1376	0.0017156586547104257	0.0011449359893082802	0.001499237827463129	0.95735115	39.12016296	0.94841973	0.050667894356545846	0.00636882	0.00013
0.0894	0.1345	-0.1191	0.001790707812546182	0.001043706892692609	0.0015969762655748114	0.99140912	40.51187134	0.95543279	0.0804008346281555	0.00638723	0.00017
0.0883	0.0582	-0.118	0.0019844393595175526	0.0008779006137531476	0.0015585790220309364	1.04787648	42.81929016	0.98782301	0.09839675347273535	0.00698292	0.00022
0.0865	0.086	-0.1156	0.0020245819323134223	0.0008883725892651138	0.001583013631558857	0.95446289	39.00214005	0.94710082	0.035752457891787826	0.0067299	0.00021
0.0839	0.045	-0.1027	0.002230530784048753	0.0008377580409572782	0.00152367243699105	1.01567733	41.50354004	0.98449351	0.07229522973054865	0.00758451	0.00037
0.0737	0.0593	-0.0987	0.001954768762233649	0.0008115781021773631	0.0009285151620609833	1.02430391	41.85604858	0.99761401	0.0733549617762543	0.007312	0.00032
0.0723	0.0536	-0.1055	0.0016824973989225337	0.0006981317007977319	0.0009512044423369096	1.01512372	41.48091888	0.99205406	0.03432035224833364	0.00695086	0.00014
0.0776	0.053	-0.0878	0.0015341444125030156	0.0006876597252857658	0.001117010721276371	0.97753996	39.94513702	0.95675276	0.03983156204354728	0.00680852	0.00019
0.0821	0.0584	-0.0847	0.0013072516097437528	0.0015027284859671175	0.0011309733552923255	1.06621563	43.56868362	1.01297851	0.06579620987282846	0.00675327	0.00019
0.077	0.0552	-0.1176	0.0008412486994612669	0.001637118838370681	0.0010314895879286487	1.07756877	44.03260422	1.01727198	0.07619385150248632	0.00587225	0.00013
0.0745	0.1012	-0.1055	0.001048942880448592	0.0012793263417118436	0.001043706892692609	0.95405942	38.98565292	0.94922105	0.08948519912050616	0.00547051	6e-05
0.0799	0.0712	-0.1061	0.0014695672301792255	0.0014172073526193955	0.001228711793404008	0.95503253	39.02541733	0.95256042	0.07317551306747921	0.0059948	0.00011
0.0778	0.0456	-0.1055	0.001593485607070823	0.0012601277199399059	0.0012339477811599909	0.95629644	39.07706451	0.95508271	0.04261169986635351	0.00642699	0.00012
0.0779	0.0887	-0.0988	0.0014608405839192536	0.0011187560505283654	0.0012269664641520136	1.00310695	40.98987961	0.97092232	0.06394990047855435	0.00611204	7e-05
0.0789	0.1122	-0.0883	0.0011362093430483087	0.0012077678423800758	0.0012199851471440364	0.98689318	40.32733536	0.95872532	0.056031217486531615	0.00543708	6e-05
0.0798	0.0286	-0.0962	0.0010419615634406148	0.0013281955607676848	0.0012339477811599909	1.08300591	44.25478363	1.00631876	0.10383190660056286	0.00599921	7e-05
0.0808	0.1082	-0.0919	0.0009756390518648303	0.0013072516097437528	0.001296779634231787	1.05299902	43.02861404	0.99798698	0.09240491578357567	0.00514561	9e-05
0.0815	0.0389	-0.0818	0.001223475805648025	0.0012304571226560022	0.001282817000215832	1.0502404	42.91588974	1.00355346	0.09702969374434499	0.00633806	9e-05
0.0829	0.0795	-0.0809	0.0008115781021773631	0.0012531464029319286	0.0013055062804917586	1.01614213	41.52253342	0.98258728	0.06576381320112573	0.00545192	8e-05
0.0847	0.0847	-0.0644	0.0009948376736367678	0.0014224433403753785	0.001410226035611418	1.00485098	41.06114578	0.97187142	0.04636381320112569	0.00565976	8e-05
0.0881	0.0565	-0.0736	0.0008290313946973065	0.001481784534943186	0.0014329153158873448	0.99688143	40.73548508	0.96401689	0.05319183768915978	0.00553095	8e-05
0.0876	0.1233	-0.0566	0.0007592182246175333	0.0013142329267517303	0.0013927727430914749	1.04356527	42.64312363	0.99813536	0.09817536755335492	0.00531936	8e-05
0.0842	0.0356	-0.0576	0.0007941248096574199	0.0012252211349000194	0.0012304571226560022	1.07787645	44.04517746	1.01866137	0.1064116998663535	0.00602508	7e-05
0.0813	0.055	-0.072	0.000879645943005142	0.0011903145498601325	0.0011833332328521555	0.95579755	39.05667877	0.94613864	0.045077580409572784	0.00569719	0.0001
0.0853	0.0798	-0.0692	0.000932005820564972	0.0013857914260834976	0.0013631021458075715	0.97106808	39.68067551	0.95262365	0.05298028333693055	0.0054701	7e-05
0.0827	0.0137	-0.0645	0.0010925761117484504	0.0013177235852557187	0.0013055062804917586	1.0626682	43.42372513	1.01057406	0.0877116998663535	0.00688696	0.0001
0.0762	0.0901	-0.0636	0.0009180431865490173	0.0013665928043115599	0.0009756390518648303	1.12332308	45.90225983	1.03670761	0.11146346864411012	0.0060395	0.00014
0.0709	0.0892	-0.0589	0.0007976154681614085	0.0009372418083209549	0.0008237954069413235	1.02079785	41.71278	0.98411	0.045981117965086034	0.00568634	0.0001
0.0752	0.044	-0.064	0.000895353906273091	0.0009023352232810684	0.0010070549784007281	0.99597967	40.6986351	0.96670561	0.07039522973054868	0.00621998	0.0001
0.0818	0.0485	-0.0558	0.0006108652381980154	0.001075122819228507	0.0012339477811599909	0.98846924	40.39173889	0.95855154	0.053508453339088845	0.00597793	8e-05
0.0839	0.0947	-0.0584	0.0006370451769779302	0.001256637061435917	0.0012845623294678264	1.00220382	40.95297241	0.9722023	0.06381543646475803	0.00555629	9e-05
0.0837	0.039	-0.0572	0.0005288347633542819	0.0013404128655316449	0.001324704902263696	1.03200257	42.17063522	0.98499544	0.0687064395257623	0.00594187	5e-05
0.0825	0.0599	-0.0713	0.000640535835481919	0.0012775810124598492	0.0013997540600994523	1.00835133	41.20417786	0.97412081	0.04867910415175945	0.00531685	7e-05
0.0857	0.0907	-0.0606	0.0008237954069413235	0.001322959573011702	0.0014765485471872027	0.98241407	40.14430618	0.96573206	0.05997163095495038	0.00525796	7e-05
0.0851	0.0523	-0.0587	0.0006911503837897545	0.001281071670963838	0.0014695672301792255	1.00602317	41.10904312	0.95945388	0.04997571211037052	0.00593948	0.00017
0.0862	0.0872	-0.0655	0.0008691739674931761	0.0013002702927357754	0.0014800392056911916	1.01296854	41.39285278	0.96608554	0.05318470904936626	0.00551784	0.0001
0.0844	0.0839	-0.0604	0.0009040805525330626	0.0012880529879718153	0.0013718287920675431	1.00119793	40.91186905	0.97033485	0.01796671517137475	0.00570828	0.00013
0.0888	0.0461	-0.0653	0.0004886921905584122	0.001186823891356144	0.001410226035611418	1.04330206	42.63236618	0.98868725	0.07485073510670981	0.00560522	5e-05
0.0981	0.1873	-0.0362	0.0	0.0020420352248333657	0.0018064157758141308	1.44486475	59.04138947	1.25462828	0.26660466321191734	0.0070461	0.0018
0.0913	0.0898	0.0003	-0.0002722713633111154	0.0019146261894377795	0.0016877333866785165	1.32314754	54.06767273	1.13542548	0.16671813939211574	0.0102957	0.00303
0.0878	-0.1338	-0.0703	-0.002713986986851182	0.0005427973973702365	0.0023701571242082994	1.9976275	81.62889099	1.56490543	0.5224984076568697	0.0151966	0.01097
0.1056	-0.0172	-0.1599	-0.0017994344588061536	0.0017697638615222502	0.002958333082130389	1.55935562	63.71982193	1.29486712	0.36048474750595666	0.00913715	0.00146
0.1272	0.1013	-0.1648	-0.0023160519173964756	0.0011955505376161158	0.003139847324337799	1.2634306	51.62746048	1.13165064	0.2086172512351933	0.00701219	0.0004
0.1315	0.1746	-0.1496	-0.0026581364507873638	0.0012095131716320703	0.003375466773357033	1.09510827	44.74932098	1.01646581	0.12238333082130382	0.00721413	0.00041
0.1295	0.2324	-0.1351	-0.0022741640153486112	0.0015847589608108511	0.0033300882128051803	1.07113636	43.76976013	1.00890555	0.1145298392584693	0.00752598	0.00092
0.1303	0.2852	-0.1216	-0.0020141099568014562	0.0016458454846306526	0.00325329372571743	1.02123451	41.73062515	0.98332462	0.08699675347273533	0.00812173	0.00095
0.13	0.26	-0.1058	-0.001998401993533507	0.0017819811662862105	0.003227113786937515	1.00876033	41.22089386	0.96358685	0.0502011791851711	0.00769162	0.00086
0.1306	0.2603	-0.0989	-0.0020804324683772408	0.0018884462506578647	0.0032218777991815323	0.93676925	38.27912521	0.94284258	0.017486577348568483	0.0079692	0.00067
0.133	0.2562	-0.0937	-0.00200363798128949	0.001853539665617978	0.0032759830059933565	0.96009922	39.23245621	0.94879395	0.019990313946973072	0.00783598	0.00068
0.1271	0.2038	-0.0813	-0.0021746802479849347	0.0017819811662862105	0.003003711642682241	1.041996	42.57899857	1.00784012	0.09644360646691638	0.00693887	0.00031
0.128	0.1479	-0.0924	-0.0026755897433073067	0.0015917402778188286	0.0027576202181510408	1.07838666	44.06602859	1.03728013	0.1147620904160477	0.00655854	0.00017
0.1277	0.1702	-0.094	-0.002848377339254746	0.0018657569703819383	0.002722713633111154	1.02883673	42.04127121	0.99440727	0.04828554367752176	0.00599051	0.00017
0.1274	0.0869	-0.0828	-0.0026197392072434887	0.002007128639793479	0.0027593655474030345	1.09619439	44.79370117	1.03159519	0.11513308578573388	0.0066725	0.00033
0.1274	0.0867	-0.0974	-0.0022916173078685546	0.0020176006153054447	0.0027995081201989047	0.99222815	40.54533768	0.9720454	0.033736822384138505	0.00616187	0.00012
0.1276	0.1088	-0.0866	-0.0022741640153486112	0.0020106192982974674	0.0027366762671271086	0.99398392	40.6170845	0.96807257	0.03746332312998581	0.00610793	0.00021
0.1269	0.1561	-0.0787	-0.0021921335405048776	0.0022008601867648495	0.002754129559647052	1.00231588	40.95755005	0.97235235	0.07038623279155291	0.0057373	0.00014
0.1256	0.1208	-0.0955	-0.0020193459445574393	0.0022148228207808044	0.002750638901143063	0.99317652	40.58409119	0.95929465	0.0629120444233691	0.00575274	0.00011
0.1244	0.1716	-0.0999	-0.001853539665617978	0.002183406894244906	0.002712241657599188	1.02977991	42.07981491	0.98319693	0.06818097245096172	0.00561166	0.0001
0.1298	0.1932	-0.0896	-0.0016702800941585732	0.0023928464044842257	0.002935643801854462	0.99393839	40.61522293	0.97577329	0.06810506129769994	0.00541306	0.00016
0.1306	0.1802	-0.0943	-0.0015917402778188286	0.0023212879051524586	0.002921681167838507	0.99664927	40.72599792	0.9649113	0.026703047484373337	0.00557846	0.0003
0.1309	0.2383	-0.0871	-0.0014259339988793671	0.0023125612588924867	0.003008947630438224	1.04256666	42.60231781	0.98745322	0.07868996938995752	0.00566673	0.00017
0.1305	0.1554	-0.0841	-0.001473057888683214	0.0021135937241651332	0.003029891581462156	1.07743621	44.02718735	1.0138322	0.09965176877775664	0.00558919	0.00023
0.1315	0.1988	-0.075	-0.0017959438003021652	0.002136283004441059	0.0030246555937061734	1.03185391	42.16456223	0.98228085	0.07104055898254298	0.00579017	0.00013
0.1312	0.1152	-0.069	-0.001748819910498318	0.0021607176139689798	0.0029827676916583086	1.06603181	43.56117249	1.0013469	0.09557232006898163	0.00592887	0.00013
0.1311	0.106	-0.0663	-0.0017296212887263805	0.00209614043164519	0.0029129545215785357	0.92554635	37.82052612	0.93535102	0.01967944870877504	0.00574827	0.00011
0.1292	0.11	-0.055	-0.0017523105690023068	0.0020594885173533086	0.0027855454861829498	0.94943112	38.79652786	0.94800129	0.02653751149816967	0.00554013	0.00018
0.1276	0.1135	-0.0302	-0.002324778563656447	0.0021013764194011725	0.0028728119487826664	1.10120118	44.99829483	1.04922817	0.06498111796508606	0.00696957	0.00075
0.1334	0.0989	-0.0687	-0.002754129559647052	0.0022410027595607188	0.0029443704481144336	1.10464287	45.13893127	1.05243295	0.0909267917740959	0.00718409	0.00047
0.1323	0.1715	-0.0611	-0.0025446900494077327	0.002261946710584651	0.0029443704481144336	1.05634427	43.16530991	1.00093424	0.09281917306316256	0.00618267	0.00026
0.1298	0.1406	-0.0579	-0.0023701571242082994	0.002134537675189065	0.002806489437206882	1.02131844	41.73405457	0.97785023	0.05859114857512856	0.00625437	0.00021
0.1314	0.1558	-0.0765	-0.0021537362969610025	0.0019844393595175526	0.0028099800957108703	0.98006672	40.04838562	0.9538836	0.05390049007113985	0.00552624	0.00012
0.1363	0.1974	-0.0863	-0.0018709929581379211	0.0020751964806212577	0.002935643801854462	0.97314221	39.76543045	0.9612834	0.08125820830351892	0.00534248	0.00014
0.1367	0.1952	-0.0937	-0.002181661564992912	0.0023474678439323734	0.0029234264970905022	0.9970727	40.74330139	0.9831639	0.03975786374650328	0.00565535	0.00018
0.1398	0.1764	-0.1046	-0.0022497294058206906	0.0023998277214922034	0.0030124382889422127	0.98727238	40.34283066	0.96518463	0.04327197551196598	0.00582415	0.00015
0.138	0.201	-0.1056	-0.0022270401255447643	0.0022444934180647076	0.0028571039855147177	1.02303779	41.80430984	0.97758754	0.044067894356545866	0.00560224	0.00012
0.138	0.1723	-0.0924	-0.0020193459445574393	0.0024155356847601517	0.0028885199120506156	1.00244248	40.96272659	0.96127727	0.06240761871093335	0.00500768	0.0001
0.1378	0.1504	-0.0963	-0.0018744836166419098	0.0026075219024795284	0.0026581364507873638	0.93302816	38.12625504	0.92836812	0.05436160034490792	0.00482279	8e-05
0.1382	0.1323	-0.0909	-0.002007128639793479	0.0025761059759436306	0.0026808257310632897	0.92537749	37.81362534	0.9265802	0.03323751149816964	0.00505853	0.00011
0.1373	0.1296	-0.0931	-0.0017889624832941875	0.0026354471705114374	0.002673844414055313	0.9493528	38.79332733	0.94593207	0.02002443340375376	0.00509864	0.00011
0.1318	0.1607	-0.086	-0.0017470745812463236	0.002490584842595908	0.0026092672317315226	0.97665983	39.90917206	0.96018341	0.056266370614359205	0.00493354	0.0001
0.1324	0.141	-0.0851	-0.0017558012275062952	0.002712241657599188	0.0025586526834236872	0.97082591	39.67078018	0.94716256	0.03524990047855436	0.00492865	0.0001
0.1375	0.1652	-0.0916	-0.0018552849948699724	0.0025865779514555962	0.002649409804527392	0.97030538	39.64950943	0.95320249	0.05159522973054874	0.00492543	0.00011
0.1369	0.1973	-0.0801	-0.0023474678439323734	0.002574360646691636	0.0027104963283471934	1.04820597	42.83275604	1.03121781	0.07247433388230815	0.00605613	0.00083
0.1343	0.1867	-0.0764	-0.0020263272615654165	0.0027995081201989047	0.0025569073541716926	1.06376386	43.46849823	1.0475653	0.05189385150248632	0.00533515	0.00017
0.1213	0.1601	-0.0687	-0.001572541656046891	0.0024294983187761066	0.002228785454796759	1.00335824	41.00014496	0.97662758	0.10489586531581284	0.00499809	0.00016
0.1179	0.1664	-0.0838	-0.0023422318561763904	0.0022410027595607188	0.0019198621771937623	1.01785576	41.59255981	0.98965799	0.08815545184739419	0.0052098	0.00011
0.1269	0.1623	-0.0908	-0.002933898472602468	0.002478367537831948	0.002150245638457014	0.96641666	39.4906044	0.95718116	0.07307074279802793	0.00602382	0.00022
0.1257	0.1933	-0.0831	-0.0025080381351158514	0.002597049926967562	0.0022148228207808044	0.95194489	38.89924622	0.94797187	0.07035599544730106	0.00561476	0.00011
0.129	0.1522	-0.0757	-0.0021013764194011725	0.0026529004630313807	0.0022270401255447643	1.02351427	41.82378006	0.98422139	0.07553647782712286	0.00538081	0.00013
0.1219	0.1346	-0.0969	-0.002309070600388498	0.0022549653935766737	0.0018832102629018814	1.02332413	41.81600952	0.98515105	0.09337295565424576	0.00518972	0.0001
0.114	0.1797	-0.082	-0.0024225170017681294	0.0022898719786165604	0.0016458454846306526	1.00698578	41.14838028	0.98906978	0.08718588823453732	0.00536883	0.00033
0.1137	0.1895	-0.0937	-0.002581341963699613	0.0023230332344044524	0.001595230936322817	0.97258896	39.74282455	0.97239096	0.033930038301360585	0.00529867	0.00011
0.1164	0.1783	-0.1031	-0.0024190263432641405	0.0023457225146803788	0.0014922565104551516	0.94924164	38.78878403	0.95586679	0.03769896632895324	0.00514948	0.00014
0.1065	0.18	-0.0972	-0.002078687139125246	0.0017819811662862105	0.0011728612573401894	0.96948928	39.61616135	0.96880152	0.07867379028240126	0.00484651	0.00016
0.0987	0.1962	-0.1238	-0.0018832102629018814	0.001499237827463129	0.0009808750396208131	0.97011137	39.64158249	0.96833968	0.08411032163829113	0.0051055	6e-05
0.099	0.1669	-0.1258	-0.0017208946424664088	0.001553343034274953	0.00102799892942466	0.93627119	38.2587738	0.94246515	0.04477723585255722	0.00477779	9e-05
0.1038	0.1703	-0.1232	-0.0019792033717615696	0.0019198621771937623	0.0010611601852125523	0.95296645	38.94099045	0.9440279	0.04369945640009312	0.00475043	0.00013
0.0989	0.1801	-0.1122	-0.001574286985298885	0.0014887658519511632	0.0007627088831215222	0.97203201	39.72006607	0.95540537	0.08242320068981569	0.00474995	0.00011
0.1015	0.2066	-0.1179	-0.0014416419621473165	0.001350884841043611	0.0009023352232810684	0.94631755	38.66929626	0.9499045	0.05530761871093337	0.00472063	0.00012
0.1043	0.1841	-0.1202	-0.001387536755335492	0.0013439035240356337	0.001192059879112127	0.90784889	37.09735489	0.92038967	0.045140558982543	0.00438809	0.00011
0.1048	0.1913	-0.1143	-0.0018029251173101424	0.0014974924982111347	0.0010995574287564276	0.90270352	36.88710022	0.92572427	0.04667398932529252	0.0049355	0.00019
0.1038	0.1658	-0.0801	-0.0020245819323134223	0.0017994344588061536	0.0011623892818282235	1.04330885	42.63264465	0.99906237	0.09002153143350472	0.00537968	0.00021
0.1009	0.1997	-0.0885	-0.0014381513036433276	0.0017558012275062952	0.0009442231253289323	1.05762589	43.21768188	1.00406975	0.08761150082346218	0.00497371	0.0002
0.1059	0.1311	-0.081	-0.0016004669240788003	0.0018448130193580064	0.0008988445647770796	1.06378794	43.46947861	0.99686073	0.09593529864195183	0.00509107	0.00019
0.1107	0.146	-0.0925	-0.002008873969045473	0.0018989182261698304	0.0011344640137963143	0.97823596	39.97357559	0.96001331	0.06610658503988659	0.00494742	0.00017
0.1183	0.2623	-0.0381	-0.002097885760897184	0.002537708732399755	0.0013718287920675431	1.46617377	59.91213989	1.26888072	0.2265583538176432	0.0102385	0.00567
0.1363	0.1093	-0.0022	-0.0027471482426390747	0.0034487706019407953	0.0016859880574265225	1.6403892	67.03108978	1.34532134	0.3006241808320955	0.0162866	0.0117
0.1338	-0.0982	-0.0675	-0.005300564938306779	0.0018936822384138475	0.0016982053621904826	1.99788737	81.63951111	1.61404914	0.48133611819793054	0.0191203	0.02288
0.0999	0.0116	-0.1124	-0.0044436082755775624	0.0023003439541285265	0.0016249015336067207	1.37769425	56.29660797	1.22301693	0.25544611035138287	0.0129161	0.00678
0.105	0.1222	-0.1123	-0.0025062928058638572	0.0027244589623631483	0.0014416419621473165	1.38366675	56.54066086	1.19171273	0.24303450247038655	0.0065788	0.00037
0.0997	0.1927	-0.1185	-0.0013386675362796509	0.00222529479629277	0.0012304571226560022	1.21919847	49.82000732	1.10555181	0.17589871375729493	0.00600463	0.00081
0.0978	0.2159	-0.1365	-0.0008115781021773631	0.0018605209826259553	0.0011082840750163993	1.01297474	41.39310455	0.99368009	0.09380181477043528	0.00607187	0.00089
0.0986	0.224	-0.1326	-0.0006422811647339132	0.0019041542139258136	0.0012025318546240932	1.02200329	41.76203918	0.9948789	0.028158897417550115	0.00703591	0.00169
0.103	0.2505	-0.1411	-0.00011693705988362007	0.0017819811662862105	0.0011274826967883368	1.09818983	44.87524033	1.02142042	0.07552831551628264	0.00807458	0.00125
0.1139	0.1836	-0.1179	-0.0006038839211900379	0.0018343410438460403	0.0014800392056911916	1.08642197	44.39437103	1.01862939	0.14559316238845513	0.00695026	0.00105
0.1146	0.1923	-0.1016	-0.000619591884457987	0.0019669860669976093	0.001541125729510993	0.95326489	38.95318604	0.9647195	0.036171975511965965	0.00656807	0.00066
0.1096	0.0943	-0.0959	-0.00028099800957108706	0.0019006635554218248	0.0014381513036433276	1.09084201	44.57498932	1.03083992	0.13409454061651746	0.00621498	0.00032
0.1079	0.0889	-0.0983	-0.00017802358370342162	0.001837831702350029	0.0014364059743913332	0.96045887	39.24715424	0.96041205	0.017877580409572772	0.00587857	0.00019
0.1068	0.0639	-0.1003	0.0003717551306747922	0.0016877333866785165	0.0015690509975429022	1.01555169	41.49840546	0.99136005	0.06972610266006476	0.00577414	0.00015
0.1032	0.0372	-0.1002	-0.00019198621771937622	0.0010559241974565693	0.0013159782560037243	1.17124987	47.86068726	1.1193201	0.10283116395776468	0.00625533	0.0003
0.1012	0.1223	-0.0945	-0.00021642082724729686	0.0009546951008408983	0.0013177235852557187	1.20623243	49.29018021	1.12030696	0.09917045176977933	0.00446165	0.0001
0.0976	0.097	-0.0863	2.6179938779914945e-05	0.0008970992355250854	0.0012758356832078548	1.03228831	42.18231583	0.99076133	0.05420422666954442	0.00447148	6e-05
0.0992	0.1034	-0.0972	0.0002705260340591211	0.0009285151620609833	0.0014311699866353504	0.9975493	40.76277542	0.96303843	0.040454816262129975	0.00455385	0.00014
0.1012	0.1796	-0.0918	0.00039968039870670147	0.0008447393579652555	0.0015114551322270892	1.09250963	44.64313126	1.01616379	0.09826076571675235	0.00476289	9e-05
0.1005	0.0983	-0.0897	0.0002251474735072685	0.0007347836150896127	0.001504473815219112	1.07484949	43.9214859	1.0042094	0.09867349925415264	0.00479668	9e-05
0.1038	0.1906	-0.0843	-0.0007504915783575615	0.0008115781021773631	0.0012880529879718153	1.17276824	47.92273331	1.06306974	0.16444271830999385	0.00455803	9e-05
0.0906	0.1559	-0.0924	-0.0008813912722571365	0.0007470009198535729	0.0008482300164692441	1.02567148	41.91193008	0.97657854	0.0877649923862968	0.00439054	5e-05
0.0903	0.0943	-0.0906	-0.0007470009198535729	0.0006719517620178169	0.0009878563566287904	1.02050042	41.70062637	0.97883472	0.0811532925199433	0.00488311	0.00011
0.0942	0.0768	-0.0941	-0.0007976154681614085	0.0007679448708775049	0.0011397000015522971	0.99063802	40.48036194	0.96255991	0.03982256510455152	0.00504971	0.00012
0.0883	0.1247	-0.0746	-0.0009180431865490173	0.0007993607974134029	0.0010559241974565693	1.0131644	41.40085602	0.98013183	0.08508097245096174	0.00491041	7e-05
0.0897	0.0664	-0.0772	-0.0006370451769779302	0.0008203047484373349	0.0010890854532444615	1.02880919	42.04014587	0.97679839	0.07905516081914557	0.00530881	8e-05
0.0913	0.088	-0.0622	-0.00047647488579445195	0.0008499753457212384	0.0013159782560037243	0.96449769	39.41218948	0.94484596	0.05905668456133223	0.00496596	7e-05
0.0913	0.1205	-0.0675	-0.000593411945678072	0.0009354964790689606	0.0011693705988362008	0.9358508	38.24159622	0.93427721	0.055253292519943285	0.00471407	9e-05
0.0911	0.1704	-0.0823	-0.0005742133239061344	0.0008970992355250854	0.0012147491593880533	1.10480261	45.14545822	1.04116461	0.07004872129338326	0.00613445	0.00072
0.1054	0.1108	-0.1078	-0.001429424657383356	0.0012601277199399059	0.001562069680534925	1.32859313	54.29019165	1.17246442	0.17767801695194568	0.00516647	0.00028
0.1014	0.0983	-0.0843	-0.0012077678423800758	0.0007033676885537148	0.0015899949485668342	1.21082449	49.47782516	1.06722888	0.08031710572106901	0.00554657	0.00055
0.1036	0.0702	-0.1189	-0.0014364059743913332	0.0003385938748868999	0.001429424657383356	1.28366411	52.45426178	1.1051018	0.10259911184307752	0.00712627	0.00091
0.104	0.2203	-0.119	-0.0021537362969610025	0.001192059879112127	0.0014346606451393388	1.44259369	58.94858932	1.20724757	0.229401615727544	0.00577533	0.00046
0.103	0.136	-0.1264	-0.0019250981649497454	0.0012095131716320703	0.0015132004614790836	1.01903164	41.64060593	0.98467667	0.10893156204354724	0.00483626	0.00022
0.1007	0.1706	-0.1333	-0.001192059879112127	0.0011344640137963143	0.0015323990832510211	0.98054618	40.06797791	0.96685582	0.08516430327226557	0.00418782	8e-05
0.1031	0.1438	-0.1227	-0.0007766715171374765	0.0013194689145077131	0.0015393804002589986	0.95189393	38.89716339	0.95499941	0.07016872898470132	0.0038237	8e-05
0.1076	0.1026	-0.1235	-0.000598647933434055	0.0013212142437597075	0.0016545721308906245	0.98170888	40.11548996	0.96662389	0.06124803217935211	0.00406593	7e-05
0.104	0.092	-0.1269	-0.00039095375244672985	0.0011239920382843482	0.001616174887346749	1.00768292	41.17686462	0.97589291	0.03976568150032802	0.00432861	8e-05
0.1062	0.1215	-0.1216	-0.00041538836197465044	0.0011641346110802177	0.0017366026057343581	1.00565922	41.09416962	0.96101114	0.04625024503556997	0.00398523	7e-05
0.105	0.0925	-0.1169	-0.0005113814708343385	0.001165879940332212	0.0017558012275062952	1.03334188	42.22536469	0.97908305	0.04074685299418097	0.0040819	5e-05
0.0981	0.1325	-0.118	-0.0014276793281313615	0.0013439035240356337	0.0013962634015954637	1.0848552	44.33034897	1.01191112	0.1206929633455638	0.00410885	7e-05
0.1037	0.147	-0.1177	-0.0012636183784438947	0.001410226035611418	0.0015690509975429022	0.99860007	40.80571365	0.95606042	0.04055855286053446	0.00385058	6e-05
0.105	0.1151	-0.1278	-0.0009599310885968812	0.0011641346110802177	0.0016336281798666925	0.99491245	40.65502548	0.97088363	0.0740177948351002	0.00422233	0.00011
0.1017	0.1435	-0.1287	-0.000926769832808989	0.0009407324668249436	0.0015114551322270892	1.00556135	41.09017181	0.96640154	0.05153682238413849	0.00399113	6e-05
0.1016	0.166	-0.1112	-0.0008970992355250854	0.0008639379797371932	0.0014608405839192536	0.97454482	39.82274628	0.94796786	0.047953981633974525	0.0039897	3e-05
0.105	0.1383	-0.1137	-0.0006003932626860494	0.0011222467090323538	0.0016196655458507376	0.98894572	40.41120911	0.95788618	0.06929198320328403	0.00378066	6e-05
0.1061	0.1139	-0.1107	-0.0006894050545377602	0.0012583823906879114	0.00152367243699105	1.03108191	42.13301468	0.98619843	0.0445570291183478	0.00407863	0.00013
0.0897	0.1756	-0.0844	-0.0005846852994181004	0.0010070549784007281	0.0009773843811168245	1.20042562	49.05289459	1.07905772	0.14951676116405344	0.00569552	0.00013
0.0906	0.1208	-0.1061	-0.0010332349171806431	0.0009826203688728075	0.0009878563566287904	1.12292123	45.88583755	1.02468105	0.10157281014012144	0.00437498	0.0001
0.0936	0.1306	-0.1003	-0.0009773843811168245	0.0009424777960769379	0.001085594794740473	1.01004469	41.27337265	0.96609856	0.02828657734856853	0.0043512	5e-05
0.0937	0.1282	-0.0833	-0.0008272860654453122	0.0010000736613927507	0.0009442231253289323	0.94375163	38.5644455	0.94233864	0.036953292519943275	0.00423974	9e-05
0.0926	0.0999	-0.082	-0.0007958701389094143	0.0009424777960769379	0.0010210176124166828	0.98397231	40.20798111	0.95644217	0.038990313946973054	0.00463974	5e-05
0.0909	0.0957	-0.0939	-0.000598647933434055	0.001064650843716541	0.000874409955249159	0.958018	39.14741135	0.95010029	0.04110014551412432	0.00450277	0.0001
0.086	0.1682	-0.0907	-0.0006719517620178169	0.0007295476273336296	0.0008063421144213803	1.04255629	42.60189056	1.00080789	0.1044237442897226	0.00484818	7e-05
0.0925	0.09	-0.0999	-0.0007470009198535729	0.0010716321607245184	0.0010245082709206715	1.07435262	43.90118408	1.00776105	0.12566499238629675	0.00462091	9e-05
0.0898	0.1449	-0.097	-0.0004433136300065597	0.000895353906273091	0.0009442231253289323	1.04727018	42.79451752	0.99060799	0.088512534494509	0.00466102	5e-05
0.089	0.1635	-0.0851	-0.0006963863715457374	0.0008831366015091308	0.000874409955249159	1.0025295	40.96628189	0.97666803	0.048055160819145584	0.00442404	9e-05
0.0875	0.122	-0.0963	-0.0005480333851262194	0.0010070549784007281	0.0008150687606813518	0.99197376	40.53494263	0.95595894	0.07078062789394614	0.00460911	0.0001
0.0898	0.1883	-0.0911	-0.0007749261878854823	0.0012199851471440364	0.0008203047484373349	1.0751251	43.9327507	0.99938495	0.09605294796292771	0.00448787	7e-05
0.0952	0.1651	-0.0989	-0.0007557275661135446	0.0012269664641520136	0.0012042771838760874	1.05721509	43.2008934	0.99951512	0.05690761871093338	0.00465822	9e-05
0.0973	0.1538	-0.1278	-0.0009232791743050004	0.001621410875102732	0.0012077678423800758	1.07428312	43.89834213	1.01605224	0.07057433388230812	0.00456399	0.0001
0.1014	0.2496	-0.1004	-0.0022636920398366456	0.003267256359733385	0.0013439035240356337	1.32125306	53.99025726	1.18387996	0.2834197015908928	0.00746936	0.00077
0.1021	0.1274	-0.1197	-0.001912880860185785	0.003001966313430246	0.0012932889757277981	1.2396841	50.65711212	1.12558991	0.17553578871309172	0.00558037	0.00013
0.1045	0.124	-0.1251	-0.001467821900927231	0.002823942729726825	0.0014189526818713899	1.02788305	42.00230408	0.99100371	0.048637312455278366	0.00514615	0.00018
0.1012	0.163	-0.1455	-0.00152367243699105	0.0027523842303950577	0.0012095131716320703	1.01827276	41.60959625	0.98067171	0.07954242728174529	0.0049997	0.00013
0.1054	0.2087	-0.1504	-0.0011379546723003027	0.002782054827678961	0.0014800392056911916	0.99972403	40.85164261	0.97454275	0.08909571980168858	0.00493371	0.0001
0.105	0.175	-0.149	-0.0010245082709206715	0.0029024825460665696	0.0015917402778188286	1.02473891	41.87382507	0.98630537	0.052778759594743874	0.00476485	0.00013
0.1063	0.2411	-0.1625	-0.0009581857593448868	0.002885029253546627	0.0014835298641951804	1.06029439	43.32672501	1.00122723	0.0904993108859688	0.00576127	8e-05
0.1067	0.2709	-0.1544	-0.0010402162341886204	0.002946115777366428	0.001621410875102732	1.00213039	40.94997406	0.96617294	0.05234990047855427	0.00642592	0.00013
0.1089	0.2316	-0.1593	-0.0009407324668249436	0.0031799898971336684	0.0017121679962064373	0.97537726	39.85676193	0.95311699	0.06760575041173107	0.00577509	9e-05
0.11	0.1949	-0.1627	-0.0012461650859239514	0.003089232776029963	0.0014259339988793671	1.01424932	41.44518661	0.97715564	0.07532118687648921	0.00544989	0.00011
0.1142	0.2359	-0.1503	-0.0013997540600994523	0.003295181627765294	0.0016022122533307947	1.02223587	41.7715416	0.97596022	0.084390804018113	0.00614214	0.00013
0.1148	0.1553	-0.127	-0.0016615534478986017	0.0032637657012293962	0.0015638150097869194	1.09650457	44.80637741	1.01927194	0.12108062789394612	0.00531304	0.00011
0.1144	0.1685	-0.1397	-0.0016458454846306526	0.0032044245066615894	0.0015760323145508795	0.99351549	40.59794235	0.9618246	0.03066332312998581	0.00519574	8e-05
0.1115	0.1934	-0.1325	-0.0015428710587629874	0.0030578168494940655	0.0015585790220309364	0.95586509	39.0594368	0.94979721	0.04835176877775658	0.00502026	8e-05
0.1116	0.1545	-0.1152	-0.0016039575825827887	0.003005456971934235	0.0017575465567582897	1.00587881	41.10314178	0.97649055	0.07192069680534925	0.00504261	0.00018
0.1116	0.1651	-0.132	-0.0016545721308906245	0.003005456971934235	0.0016650441064025902	0.95676714	39.09629822	0.94868123	0.034555849933176765	0.00503433	8e-05
0.1128	0.2095	-0.1337	-0.0016615534478986017	0.0031764992386296795	0.001658062789394613	0.96605265	39.4757309	0.94926777	0.05655024503556996	0.00549543	8e-05
0.1146	0.2331	-0.1274	-0.001361356816555577	0.003239331091701475	0.0017715091907742446	0.97543979	39.85931778	0.95206672	0.05552374428972261	0.00583941	0.00018
0.1152	0.1723	-0.1347	-0.0009983283321407565	0.0030979594222899347	0.0018744836166419098	1.02274323	41.79227448	0.97194215	0.09906872898470127	0.00494713	7e-05
0.1086	0.1766	-0.1426	-0.0005550147021341969	0.002717477645355171	0.0017540558982543013	0.9726994	39.74733734	0.95758843	0.0660111562664466	0.00493288	0.00014
0.1044	0.208	-0.1376	-0.0007243116395776468	0.0028815385950426383	0.0015550883635269475	1.00490892	41.06351089	0.96449478	0.06721627109291353	0.00502825	9e-05
0.1081	0.1639	-0.1435	-0.0006283185307179585	0.003145083312093782	0.0017366026057343581	0.99136245	40.50996399	0.97003044	0.08075260340591212	0.00520313	9e-05
0.1037	0.2059	-0.16	-0.0007487462491055673	0.0033231068957972035	0.001329940890019679	0.99844325	40.79930496	0.96758734	0.09815565089028547	0.0057798	0.00011
0.099	0.1997	-0.1632	-0.0005026548245743669	0.0032602750427254074	0.0010524335389525807	0.95532733	39.03746414	0.94929354	0.04342153143350476	0.00563502	0.0001
0.096	0.1968	-0.1671	-0.0002530727415391778	0.0027296949501191318	0.0009669124056048585	0.9382363	38.33907318	0.9466313	0.05308416544945932	0.00546032	0.00011
0.0963	0.1521	-0.176	1.3962634015954635e-05	0.0027279496208671367	0.0010524335389525807	0.97330946	39.77226639	0.95378863	0.07161509190774246	0.00537878	0.00018
0.0969	0.1963	-0.1811	0.00010471975511965978	0.0027611108766550296	0.0010786134777324957	0.97615278	39.88845062	0.95524654	0.057404915783575663	0.00583875	0.00019
0.1017	0.1953	-0.1793	-0.00029321531433504735	0.003178244567881674	0.0010070549784007281	0.97296202	39.75806808	0.95510587	0.05193136300065598	0.0060029	0.00013
0.1049	0.1862	-0.1793	-0.0002251474735072685	0.0031922072018976287	0.0011100294042683937	0.97118866	39.6856041	0.9490238	0.021550245035569935	0.00604343	0.00017
0.1168	0.197	-0.2196	-0.0008255407361933179	0.0027855454861829498	0.001424188669627373	1.09715211	44.83283615	1.03846303	0.1290607121879854	0.00758135	0.00035
0.1096	0.2419	-0.1841	-0.0022462387473167022	0.003166027263117714	0.0012409290981679683	1.20911932	49.4081459	1.11303429	0.18682196797587763	0.00725675	0.00014
0.1124	0.1823	-0.1983	-0.0017976891295541592	0.0032602750427254074	0.0011100294042683937	1.05509317	43.11418533	1.00953731	0.11028485456349056	0.00629634	0.00014
0.1169	0.2102	-0.2162	-0.0015428710587629874	0.003415609346152903	0.0013212142437597075	1.00869238	41.21811676	0.97297854	0.08136686068549907	0.00678182	0.00017
0.1128	0.2148	-0.2052	-0.0014782938764391971	0.0035150931135165793	0.0012583823906879114	0.97731185	39.9358139	0.9643656	0.03104464013796316	0.00680798	0.00015
0.1112	0.1991	-0.2133	-0.0013334315485236678	0.0034697145529647274	0.0010960667702524388	1.00867188	41.21727753	0.97355301	0.043027825445142685	0.00681901	0.00015
0.1094	0.2176	-0.2209	-0.0010663961729685354	0.002981022362406315	0.0009389871375729493	1.04359269	42.64424515	1.00255108	0.07354035993965173	0.00686842	9e-05
0.1143	0.2359	-0.2136	-0.001155407964820246	0.003115412714809878	0.0009826203688728075	0.955006	39.02433395	0.95254707	0.04385176877775662	0.00691038	8e-05
0.1114	0.2135	-0.2126	-0.0011693705988362008	0.0029653143991383657	0.0008831366015091308	0.98765737	40.35856247	0.97886246	0.03947723585255719	0.00668502	0.00015
0.1127	0.1966	-0.2398	-0.0011257373675363424	0.0029234264970905022	0.0007435102613495844	0.99123263	40.50465775	0.98470871	0.05665737367536341	0.00709337	0.00014
0.1121	0.2297	-0.2344	-0.0009232791743050004	0.0029443704481144336	0.0009162978572970229	0.96027708	39.23972321	0.95148638	0.0589094870101356	0.00767279	0.00014
0.1113	0.1851	-0.2278	-0.0005881759579220891	0.003139847324337799	0.0007801621756414653	0.97230536	39.7312355	0.95954037	0.0853357887130917	0.00715727	9e-05
0.105	0.1694	-0.2339	-0.0004886921905584122	0.0029024825460665696	0.00048171087355043494	0.97700387	39.92322922	0.96877616	0.05986499238629681	0.00737423	0.00025
0.1034	0.2145	-0.2062	-0.000752236907609556	0.002802998778702893	0.0005742133239061344	1.06112587	43.3606987	1.03041682	0.09717654673852597	0.00705951	0.00018
0.1031	0.2091	-0.2113	-0.0012252211349000194	0.0024731315500759648	0.0004415683007545654	1.196311	48.884758	1.15835567	0.057574823953448026	0.00761163	0.00071
0.1057	0.2044	-0.2292	-0.0009861110273767962	0.0029845130209103033	0.0004747295565424576	1.08549571	44.35652542	1.0725175	0.06438264170727272	0.0074265	0.00011
0.1053	0.2254	-0.2294	-0.0015062191444711063	0.002893755899806598	0.00030194196059501896	1.00442481	41.04373169	0.99881333	0.06078264170727268	0.00817007	0.00046
0.1168	0.2303	-0.2109	-0.0016964600329384882	0.003771656513559746	0.0006387905062299246	1.07300603	43.84616089	1.04573695	0.10514950239277177	0.00789648	0.00024
0.1162	0.2149	-0.2344	-0.001218239817892042	0.0037262779530078936	0.0005078908123303499	0.96638113	39.48915482	0.95727562	0.07222492347489363	0.00862652	0.00027
0.1262	0.2524	-0.2612	-0.0013683381335635543	0.003897320219703338	0.0007696902001294993	0.99206895	40.53883362	0.97558386	0.10344699850830533	0.00999308	0.00019
0.121	0.2581	-0.2455	-0.001439896632895322	0.0036966073557239895	0.0006667157742618339	0.95737916	39.12130737	0.94350199	0.045362289458939074	0.00972766	0.00018
0.1245	0.2087	-0.248	-0.001637118838370681	0.003611086222376268	0.0007592182246175333	1.01802719	41.5995636	0.97680312	0.07416228945893899	0.00885427	0.00027
0.1363	0.2848	-0.285	-0.0032812189937493396	0.003502875808752619	0.0013997540600994523	1.22380531	50.008255	1.13802806	0.24454232022421127	0.0123568	0.00235
0.1479	0.2893	-0.3042	-0.0059306287982767315	0.003572688978832392	0.0023753931119642824	1.40453053	57.39321899	1.23777027	0.22004310132359975	0.0171195	0.00639
0.1611	0.3362	-0.3327	-0.005712462641777441	0.004771730174952496	0.002754129559647052	1.16647243	47.66547012	1.08293083	0.17839719001510815	0.019086	0.00865
0.1555	0.2733	-0.3414	-0.003904301536711315	0.005033529562751646	0.0026755897433073067	1.20419729	49.20701599	1.10413215	0.18462501546025104	0.0158632	0.00408
0.1465	0.2308	-0.3241	-0.002584832622203602	0.004483750848373432	0.002309070600388498	1.04465604	42.68769455	1.00627829	0.18058833859023676	0.0125699	0.00149
0.1386	0.2363	-0.3303	-0.0018709929581379211	0.004314453910929983	0.0018762289458939042	1.05216479	42.99452591	1.0088851	0.08539891280018617	0.0127337	0.00136
0.1349	0.272	-0.3279	-0.0018465583486100008	0.004026474584350918	0.0016702800941585732	0.97572321	39.8708992	0.95806269	0.0677181393921158	0.012946	0.00097
0.1397	0.3233	-0.315	-0.0020839231268812296	0.004419173666049642	0.0019163715186897737	0.9879238	40.36944962	0.96203921	0.11280776422505764	0.0143375	0.00173
0.1467	0.2945	-0.3148	-0.002181661564992912	0.004616395871525002	0.0019163715186897737	0.93092859	38.04045868	0.93695988	0.050748032179352094	0.0136729	0.00141
0.1535	0.2658	-0.3092	-0.0023649211364523163	0.004639085151800928	0.0020106192982974674	0.91367984	37.33562469	0.93369587	0.056109831567151255	0.0124861	0.00102
0.1581	0.2918	-0.2991	-0.0023422318561763904	0.004899139210348083	0.0020682151636132805	0.96787447	39.55017471	0.95999601	0.05771696020694472	0.0128163	0.00108
0.1614	0.2473	-0.2941	-0.0019530234329816546	0.004801400772236401	0.0021921335405048776	1.00416183	41.03298569	0.97736064	0.08334326190990078	0.0117736	0.00065
0.1512	0.1994	-0.271	-0.0014835298641951804	0.004553564018453206	0.0019757127132575807	1.05578685	43.14253235	0.99973901	0.1278875574908482	0.00962287	0.00038
0.1537	0.2566	-0.2654	-0.0014154620233674013	0.00446629755585349	0.0021642082724729686	1.03532076	42.30622864	0.9894305	0.08249149313214414	0.0105105	0.00048
0.1467	0.1899	-0.2597	-0.0014014993893514465	0.00428129265514209	0.001762782544514273	1.10550666	45.17422867	1.03451679	0.10941966313430256	0.00966656	0.00046
0.1442	0.2427	-0.261	-0.002106612407157156	0.00437379510549779	0.00147131255943122	1.12170839	45.83627701	1.05060406	0.11105427266222312	0.0104434	0.00049
0.1469	0.1967	-0.2698	-0.002466150233067988	0.00441044701978967	0.0015690509975429022	1.03434157	42.26621628	0.98630081	0.08219640891571971	0.010167	0.00041
0.1499	0.2307	-0.2776	-0.002256710722828668	0.004576253298729132	0.001726130630222392	1.02697396	41.96515274	0.98133994	0.0714162710929136	0.0110036	0.00043
0.1419	0.1895	-0.2518	-0.00217293491873294	0.004213224814314312	0.0016336281798666925	1.02827072	42.0181427	0.98106725	0.10196533694331236	0.00904417	0.00025
0.135	0.1951	-0.2497	-0.0020001473227855013	0.004108505059194652	0.001256637061435917	0.9717499	39.70853806	0.94628695	0.04732492347489371	0.00859475	0.00013
0.1348	0.2657	-0.2556	-0.0021013764194011725	0.003993313328563026	0.0011222467090323538	1.01035011	41.28585434	0.97902377	0.09424055898254302	0.00982708	0.00021
0.1336	0.2707	-0.2526	-0.0021101030656611444	0.004063126498642799	0.0012601277199399059	0.96298933	39.35055542	0.95694578	0.02002104136236488	0.0100148	0.00029
0.136	0.2268	-0.2584	-0.001956514091485643	0.004113741046950634	0.0015027284859671175	0.98860043	40.39709854	0.96989822	0.07444021442552742	0.00911498	0.00027
0.1354	0.27	-0.2526	-0.0020699604928652747	0.004103269071438669	0.001473057888683214	0.97843438	39.98168564	0.95908452	0.057279448708775056	0.0100673	0.00022
0.1353	0.2277	-0.252	-0.0019006635554218248	0.004103269071438669	0.0013439035240356337	0.98517799	40.25724792	0.95932713	0.0579225651045515	0.0092153	0.00023
0.1372	0.2272	-0.2643	-0.0019111355309337906	0.004042182547618867	0.0014119713648634124	0.96273297	39.34008026	0.94803634	0.021681317007977288	0.00945759	0.00031
0.1375	0.2538	-0.2383	-0.002015855286053451	0.004181808887778414	0.0013892820845874865	0.9773854	39.93881989	0.95906924	0.06625176877775665	0.00945926	0.00036
0.1324	0.194	-0.2467	-0.002385865087476248	0.00419228086329038	0.0011117747335203881	0.99605691	40.70179367	0.96949106	0.1061994564000931	0.00916928	0.00023
0.1297	0.184	-0.2673	-0.00222529479629277	0.003956661414271145	0.0010245082709206715	0.97643191	39.89985657	0.95792896	0.057472810140121434	0.0093683	0.00034
0.1293	0.2231	-0.2666	-0.0021223203704251047	0.003858922976159462	0.001059414855960558	1.00524056	41.07706451	0.9654967	0.05198097245096175	0.0098992	0.00033
0.1503	0.2606	-0.2591	-0.0032498030672134413	0.0044540802510895285	0.0018256143975860688	1.21748567	49.75001907	1.11896661	0.19044197566719567	0.0123813	0.00134
0.1575	0.3726	-0.1665	-0.00486597795456019	0.005232497097479001	0.0017976891295541592	1.70762408	69.77850342	1.42929909	0.33292585008840647	0.0226845	0.02625
0.1599	0.0837	-0.179	-0.005831145030913055	0.00404741853537485	0.0019006635554218248	2.01211023	82.2206955	1.60412741	0.416461003216234	0.0167368	0.00789
0.1541	0.0702	-0.1965	-0.004434881629317591	0.003787364476827695	0.0017243853009703976	1.19034421	48.64093781	1.08136649	0.12842978572970234	0.0119067	0.00213
0.1473	0.1374	-0.2493	-0.004059635840138811	0.003494149162492647	0.0013456488532876281	1.17116046	47.85703278	1.08366745	0.17915987755982987	0.0106581	0.00073
0.1372	0.3072	-0.2551	-0.0036128315516282617	0.0033597588100890844	0.0010454522219446034	1.3567394	55.44033432	1.20306206	0.2297695636128568	0.0125985	0.00143
0.1354	0.3448	-0.268	-0.002844886680750757	0.003110176727053895	0.0008115781021773631	1.04013717	42.50304031	0.99405449	0.11487005368399676	0.0137475	0.00179
0.1323	0.3899	-0.2662	-0.002820452071222836	0.0033178709080412204	0.0008726646259971648	0.99251884	40.55721664	0.96979517	0.06466076571675244	0.0157762	0.00356
0.1378	0.3971	-0.2622	-0.0027384215963791032	0.003829252378875559	0.0009145525280450286	0.94858497	38.76195145	0.95794064	0.048464992386296736	0.0170815	0.00578
0.1455	0.3789	-0.2498	-0.0027995081201989047	0.003974114706791089	0.0011257373675363424	0.95408034	38.98650742	0.95591267	0.059156684561332246	0.0170287	0.00631
0.149	0.3226	-0.2422	-0.002855358656262723	0.003981096023799066	0.001228711793404008	0.99771768	40.76965714	0.97228298	0.07569031394697305	0.0151914	0.00425
0.1472	0.2429	-0.2272	-0.0028885199120506156	0.003837979025135531	0.0013142329267517303	1.00633931	41.1219635	0.98627671	0.10958996938995746	0.0127322	0.00219
0.1481	0.2829	-0.2148	-0.0030595621787460597	0.0037768925013157294	0.001429424657383356	1.03119171	42.13750076	0.99980563	0.07066602605734358	0.0135552	0.00272
0.1504	0.141	-0.2121	-0.004014257279586958	0.0034714598822167216	0.0017383479349863521	1.58054829	64.58581543	1.27561185	0.22535254987714504	0.0148703	0.00549
0.1495	0.0833	-0.2431	-0.004105014400690663	0.0030717794835100195	0.002134537675189065	1.48078215	60.50908279	1.23361224	0.133931363000656	0.014204	0.00336
0.1589	0.3038	-0.2587	-0.0024818581963359366	0.004331907203449926	0.002385865087476248	1.83811402	75.11070251	1.49249079	0.4022305668290908	0.0141969	0.00234
0.1611	0.0808	-0.2391	-0.0019076448724298022	0.004637339822548933	0.0022462387473167022	1.61994255	66.19557953	1.37155633	0.2957636141582344	0.0109071	0.00145
0.1653	0.2006	-0.2141	-0.0033702307856010505	0.005202826500195096	0.0023701571242082994	1.33407032	54.51400757	1.17869109	0.25659954838545046	0.0119235	0.00105
0.1776	0.3736	-0.2679	-0.0034348079679248403	0.005693264020005502	0.002565634000431664	1.41273952	57.72866058	1.22229503	0.27662457891787806	0.0176734	0.00565
0.1758	0.368	-0.2675	-0.0026249751949994717	0.005263913024014897	0.002537708732399755	1.07019246	43.73118973	1.01347302	0.07115545184739415	0.0169857	0.00477
0.1729	0.2442	-0.2435	-0.0026529004630313807	0.005141739976375294	0.0024015730507441976	1.18390608	48.37785721	1.09386507	0.1650116998663535	0.0116925	0.00102
0.1669	0.352	-0.2594	-0.0028274333882308137	0.005106833391335408	0.0020717058221172693	1.07698762	44.00885773	1.02841923	0.15666533694331233	0.0150415	0.00249
0.1618	0.2497	-0.2654	-0.0028326693759867967	0.005094616086571448	0.0018413223608540175	1.06292439	43.43419266	1.01516693	0.12579183768915975	0.0123829	0.00126
0.1559	0.267	-0.2786	-0.0029827676916583086	0.005082398781807488	0.0016004669240788003	0.89457017	36.55474854	0.92268447	0.05655855286053443	0.0132073	0.00145
0.1451	0.2563	-0.2567	-0.0028152160834668534	0.0048520153205442364	0.0012723450247038664	0.87646836	35.81505585	0.91154218	0.0797028484414821	0.0122293	0.00102
0.144	0.194	-0.2504	-0.00285012266850674	0.004874704600820162	0.001223475805648025	0.96015334	39.23466873	0.95594054	0.07502325421858265	0.0113286	0.00098
0.1407	0.2759	-0.2466	-0.0029269171555944902	0.004815363406252355	0.0011414453308042916	1.00963724	41.25672531	0.98374324	0.09990830782496452	0.0125802	0.00113
0.1358	0.2343	-0.2333	-0.0027436575841350863	0.004642575810304917	0.0010402162341886204	0.99117327	40.5022316	0.97109481	0.08266381320112563	0.0114377	0.0008
0.133	0.248	-0.2462	-0.002808234766458876	0.004562290664713178	0.0009616764178488756	1.00593305	41.10535812	0.97582299	0.04057010721276369	0.0117024	0.00066
0.1281	0.2971	-0.3207	-0.0036337755026521943	0.0018849555921538759	0.0010297442586766543	1.64757836	67.32485962	1.4648364	0.3070471824790199	0.0185183	0.01853
0.0728	0.4259	-0.3925	-0.00570024533701348	-0.0030874874467779687	-0.0011100294042683937	2.36497855	96.63993073	2.04781166	0.714834326811909	0.0304246	0.06389
0.0737	0.4514	-0.3344	-0.004120722363958612	-0.0014852751934471744	-0.0006178465552059926	1.42716324	58.31805801	1.28927299	0.2681959037724032	0.0241784	0.04226
0.0707	0.3156	-0.3389	-0.004000294645571003	-0.0012322024519079964	-0.0009162978572970229	1.19727683	48.92422485	1.10140079	0.1768975881008909	0.0193548	0.0248
0.0722	0.3787	-0.3248	-0.003572688978832392	-0.0006876597252857658	-0.0010995574287564276	1.02848434	42.02687454	0.9880664	0.13647039824101231	0.0199659	0.02664
0.0657	0.3233	-0.3142	-0.0034051373706409367	-0.00039968039870670147	-0.001291543646475804	1.01133156	41.32595825	0.98532395	0.1048758576244948	0.0182349	0.01983
0.0659	0.2936	-0.3182	-0.0034103733583969193	-0.00030194196059501896	-0.001324704902263696	0.93775171	38.31927109	0.94446885	0.040706784082777815	0.0177392	0.01761
0.0664	0.3283	-0.3273	-0.003342305517569141	-0.00017104226669544429	-0.001382300767579509	0.96726716	39.52536011	0.95421657	0.05712817000215824	0.0188206	0.02055
0.0709	0.3475	-0.3098	-0.003082251459021986	0.00011170107212763708	-0.001186823891356144	1.01408112	41.43831253	0.98374186	0.07811371367968002	0.0186782	0.02021
0.0727	0.2754	-0.3066	-0.0030944687637859463	0.0005585053606381855	-0.0010088003076527223	1.0690372	43.68397903	1.01132153	0.10895225884889656	0.0158283	0.01032
